{
	"Code": "def create_response(text, shouldEndSession):\n    return {\n        'version': '1.0',\n        'sessionAttributes': {},\n        'response': {\n          'outputSpeech': {\n              'type': 'PlainText',\n              'text': text\n          },\n          'card': {\n              'type': 'Simple',\n              'title': 'testSkill',\n              'content': text\n          },\n          'reprompt': {\n              'outputSpeech': {\n                  'type': 'PlainText',\n                  'text': \"text\"\n              }\n          },\n          'shouldEndSession': shouldEndSession\n        }\n    }\n\n\ndef lambda_handler(event, context):\n\n    #on launch request prompt user to ask for help\n    if event['request']['type'] == 'LaunchRequest':\n        return create_response('If you dont know how to use me you can ask for help by saying help', False)\n\n    #give user utterances\n    elif event['request']['intent']['name'] == 'Help':\n        return create_response('There are several commands, try saying utterance 1', False)\n\n    #end session\n    elif event['request']['type'] == 'SessionEndedRequest':\n        return create_response('', True)\n\n    #end session\n    elif event['request']['intent']['name'] == 'endSession':\n        return create_response('', True)\n\n    #user defined intents\n    #paste content here\n    elif event['request']['intent']['name'] == 'intent':\n        return create_response('Response', True)\n\n",
	"Handler": "index.create_response",
	"Runtime": "python2.7",
	"AccessKeyId": "AKIAIOOBN2ZM5QDSBW7A",
	"SecretAccessKey": "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",
	"Role":	"arn:aws:iam::504111962182:role/service-role/role_api1",
	"Region": "us-east-1",
	"Timeout": 30
}